{
	"schemaVersion": 1,
	"id": "learningmod",
	"version": "${version}",
	"name": "Learning mod",
	"description": "Stu's Mod Learning",
	"authors": [
		"stu!"
	],
	"contact": {
		"homepage": "https://fabricmc.net/",
		"sources": "https://github.com/FabricMC/fabric-example-mod"
	},
	"license": "CC0-1.0",
	"icon": "assets/learning-mod/icon.png",
	"environment": "*",
	"entrypoints": {
		"main": [
			"stu.learning.LearningMod"
		],
		"client": [
			"stu.learning.LearningModClient"
		]
	},
	"mixins": [
		"learning-mod.mixins.json",
		{
			"config": "learning-mod.client.mixins.json",
			"environment": "client"
		}
	],
	"depends": {
		"fabricloader": ">=0.18.4",
		"minecraft": "~1.21.4",
		"java": ">=21",
		"fabric-api": "*"
	}
}